{"0": {"positive": ["territori", "northern", "assembl", "legisl", "liber", "countri", "august", "elect", "retriev", "parti"], "negative": ["music", "septim", "semiton", "third", "scale", "tune", "fifth", "tone", "interv", "cent"], "positive_weights": [0.3200871077453471, 0.2852640229284093, 0.19836473738893304, 0.16903442844385594, 0.159116064352747, 0.15661148910500483, 0.15413744928528003, 0.15280642752584062, 0.13558670517904942, 0.1345605366545141], "negative_weights": [-0.10808390636258716, -0.10961727134069704, -0.11059726858005556, -0.11299667567252818, -0.11482965891803076, -0.12151363984644975, -0.1301280587111121, -0.15620538108746218, -0.16363412245951173, -0.20748769794411906]}, "1": {"positive": ["vote", "constitut", "australia", "socialist", "champagn", "senat", "act", "state", "langer", "commonwealth"], "negative": ["sixth", "pythagorean", "comma", "third", "semiton", "territori", "septim", "interv", "northern", "cent"], "positive_weights": [0.16927098357016937, 0.15984870908592239, 0.15257922735476095, 0.14202997394066044, 0.12337990595557029, 0.12302643272655174, 0.1229938499959828, 0.10162224990960253, 0.09161419998470467, 0.08917910619667382], "negative_weights": [-0.12442239766734156, -0.12879657145790377, -0.14422283237814362, -0.15802368516407836, -0.16131959093368184, -0.1730428860435431, -0.18037928011039175, -0.19175515424259593, -0.19278133776110054, -0.2802926808673006]}}
